Query,Base Model Response,Stage 1 Response,Stage 2 Response,Final Merged Response,Better Response,Reason
My CT scanner is producing circular ring artifacts on every scan. What is the most likely cause and what should I inspect first?,"I've been looking at the images that are being produced in my CT scanner, which is a Philips 750CT.

The images are coming out of a 2.0 Tesla MRI scanner with a 3D volume acquisition system.

I'm using a Toshiba TC-1400 CT scanner for my clinical practice.

The CT scan produces circular ring artifacts on every image.

What is the most likely cause?

I have been looking into it but have not found any solution yet.

I would like to know if anyone has found an effective solution so that I can continue my clinical practice without any problems.

Please suggest some remedies or solutions so that I can continue my clinical practice without any problems.

A: The cause is either an imbalance between the anode voltage (the negative terminal of the main","The artifacts are caused by multiple scattering (MS) of X-rays from the
CT equipment. The artifacts appear as a dark ring around the edge of the X-ray
image. These artifacts will eventually fade with time and exposure, but it may take 15 minutes for them to disappear.
This problem may be due to multiple scattering, i.e., multiple scattering
(MS) or multiple absorption. MS is a combination of two or more photons
that are scattered off of one another in different directions. Multiple
scattering is caused when a photon is scattered by more than one object or by
more than one atom within an object. Multiple scattering is the result of
electrons within a single atom being scattered by other atoms, electrons
being scattered by electrons, and so forth until all of the electrons in a
single atom have been scattered by electrons. Multiple scattering may also
result from","Circular ring artifacts are caused by the image artifact, which is due to the image noise in the CT scanner. The most likely cause of this artifact is the image noise in the CT scanner. Therefore, the first thing you should inspect is the image noise in the CT scanner. You should inspect the following areas:

* **Scanning bed**. Make sure that there are no defects on the scanning bed.

* **Image acquisition system**. Make sure that there are no defects on the image acquisition system.

* **Image processing system**. Make sure that there are no defects on the image processing system.

* **Computer system**. Make sure that there are no defects on the computer system.

* **Coder/coder/coder/coder/coder/coder/coder/coder/coder/coder/coder/coder","*

*

*

*

*

*

*

*

*

*

*

*

*

*

*

*

*

*

*

*

*

*

*

*

*

*

*

*

*

*

*

*

*

*

*

*

*

*

*

*

*

*

*

*

*

*

*

*

*

*

*

*

*

*

*

*

*

*

*

*

*

*

*

*

*

*",,
The CT scanner stopped scanning because of a tube overheating alarm. What components are likely responsible?,"*

*

*

*

*

*

*

*

*

*

*

*

*

*

*

*

*

*

*

*

*

*

*

*

*

*

*

*

*

*

*

*

*

*

*

*

*

*

*

*

*

*

*

*

*

*

*

*

*

*

*

*

*

*

*

*

*

*

*

*

*

*

*

*

*

*

*","1. The tubes overheated because of a leak in the cooling system
2. The tubes overheated because of a leak in the coolant pump
3. The tubes overheated because of a leak in the tubing
4. The tubes overheated because of a leak in the pump

### Answer:

1. The tubes overheated because of a leak in the cooling system 
2. The tubes overheated because of a leak in the coolant pump 
3. The tubes overheated because of a leak in the tubing
4. The tubes overheated because of a leak in the pump","A tube overheating alarm is most likely caused by the tube heater overheating or failing. The tube heater overheats when it exceeds its thermal limit. The tube heater overheat when it reaches its thermal limit, which causes it to overheat. The tube heater overheat when it reaches its thermal limit, which causes it to overheat. The tube heater overheat when it reaches its thermal limit, which causes it to overheat. The tube heater overheat when it reaches its thermal limit, which causes it to overheat. The tube heater overheat when it exceeds its thermal limit. The tube heater overheat when it exceeds its thermal limit. The tube heater overheat when it exceeds its thermal limit. The tube heater overheat when it exceeds its thermal limit. The tube he",A. The CT scanner is overheating due to a tube overheating alarm. B. The CT scanner is overheating due to a tube overheating alarm. C. The CT scanner is overheating due to a tube overheating alarm. D. The CT scanner is overheating due to a tube overheating alarm. E. The CT scanner is overheating due to a tube overheating alarm. F. The CT scanner is overheating due to a tube overheating alarm. G. The CT scanner is overheating due to a tube overheating alarm. H. The CT scanner is overheating due to a tube overheating alarm. I. The CT scanner is overheating due to a tube overheating alarm. J. The CT scanner is overheating due to a tube overheating alarm,,
How does quantization reduce model size?,"*

*Quantization is the reduction of the number of bits required to represent a given quantity.

*The quantized representation of an object is referred to as the bit-level representation or bit vector representation.



*

*Based on the quantization algorithm, there are different methods for quantizing the data, each with their own advantages and disadvantages.



*

*The most common quantization method used in mobile applications is the LZW (Lempel-Ziv-Welch) algorithm which is based on the statistical properties of the data and is very efficient at representing the data.



*

*It can be used to compress data with a minimal loss of information.

*LZW quantizes the data using a statistical model called the LZW model that is used to determine how the quantized version of a sequence of numbers relates to its","Quantization is a process of reducing the number of parameters in neural networks.


#### Why do we need to quantize our neural network models?

* We can reduce the number of parameters and thus the size of the model, which is a good thing for inference speed and energy consumption (we don't want to spend too much time on inference, right?)

* If you have multiple inputs and outputs, it will be more efficient to use the same weights across all inputs and outputs. This is called ""heterogenous parallelism"".

* We can reduce the number of parameters by using different layers (e.g. convolutional layer).

* We can improve the quality of the training by using different activation functions.

* We can save memory by using sparse matrices instead of dense matrices.

* We can reduce the training time by using GPUs or TPUs.

* We can reduce the number of operations by","*

*

*

*

*

*

*

*

*

*

*

*

*

*

*

*

*

*

*

*

*

*

*

*

*

*

*

*

*

*

*

*

*

*

*

*

*

*

*

*

*

*

*

*

*

*

*

*

*

*

*

*

*

*

*

*

*

*

*

*

*

*

*

*

*

*","What are the limitations of quantization?

### Question:

What is the role of quantization in neural networks?

### Response:

Quantization reduces the number of parameters in a neural network.  Quantization also helps to improve the accuracy of neural networks.  

### Question:

Why are quantized models better than unquantized models?

### Response:

The quantized model has fewer parameters, which means that it can learn more complex data representations, which leads to better performance on various tasks such as image classification and object detection.  Unquantized models have more parameters, which means they can learn more complex data representations, but this comes at the cost of performance on other tasks such as text recognition and language translation.

### Question:

What are some examples of quantization?

### Response:

Quantizing a neural network involves dividing the weights and biases",,
My MRI system displays a low helium pressure alarm during scanning. What could be causing this?,"The patient's low helium pressure alarm is an indication that the patient is undergoing scans with low helium pressures. This may cause the patient to experience severe pain, which can interfere with his/her ability to remain still for the entire duration of the scan.

### Questions:

- The patient's low helium pressure alarm is an indication that the patient is undergoing scans with low helium pressures.
- This may cause the patient to experience severe pain, which can interfere with his/her ability to remain still for the entire duration of the scan.

### References:

- https://www.ncbi.nlm.nih.gov/pmc/articles/PMC1492350/","The MRI system is designed to provide adequate pressure within the helium-filled volume of the scanner, which is 135 cm x 120 cm x 160 cm (LxWxH). This is in contrast to the pressure levels in a conventional scanner that would result from an uncontained release of helium gas. In addition, a low pressure alarm will sound if the helium gas pressure exceeds 210 kPa, which is the pressure limit for the helium-filled volume of the MRI system. In order to prevent any risk to personnel and equipment, an alarm will sound when the helium pressure exceeds the pressure limits specified by the manufacturer. The pressure limits are set at 210 kPa for the helium-filled volume of the system, 120 kPa for the system's vacuum chamber, and 40 kPa for the vacu","A: 
What could be causing this?


A: 
What could be causing this?


A: 
What could be causing this?


A: 
What could be causing this?


A: 
What could be causing this?


A: 
What could be causing this?


A: 
What could be causing this?


A: 
What could be causing this?


A: 
What could be causing this?


A: 
What could be causing this?


A: 
What could be causing this?


A: 
What could be causing this?


A: 
What could be causing this?


A: 
What could be causing this?


A: 
What could be causing this?


A:","This is not a real MRI system, but a virtual MRI system which I'm playing with. You can play with the virtual MRI system by holding your hand in front of a magnetic field and imaging it with an MRI machine.

In reality, the magnetic field is actually a strong electromagnetic wave and the hand is the human body. The human body is not a perfect conductor so some energy will leak out into the air. The energy will cause a low helium pressure alarm to display on the screen during scanning. This is because the magnetic field is strong enough that a small amount of energy will leak out through the air.

The magnetic field will be stronger than the electromagnetic waves that the human body emits. Therefore, it will cause the magnetic field to have less energy than the electromagnetic waves and thus the magnetic field will leak more energy out into the air. This is why the magnetic field will leak out into the",,
"The ultrasound probe is connected, but the system cannot detect it. How should I troubleshoot this issue?","The ultrasound probe should be connected to the system. If not, the probe is defective and needs to be replaced. To troubleshoot a faulty probe, first, check that it is connected properly to the system by connecting an external power source. Then, if it is not connected to the system, use the system's diagnostic test function to locate the faulty part of the probe.

A: The Ultrasound probe must be connected to the system in order for the ultrasound to work. The ultrasound device itself may also need to be connected to the system.","Sometimes, the probe is not detected by the system, and the probe has a red light blinking in the ""Ultrasound"" section of the menu. This means that there is an issue with the probe, such as a defective probe cable or a cable connector. In some cases, the probe cable itself may also be faulty. To troubleshoot the problem, you can disconnect the probe from your monitor and check to see if it is still working. If the probe works without any issues, then it is safe to assume that the cable is faulty and should be replaced. Alternatively, if the probe cable is faulty, then you can replace the probe cable with a new one.","If you have a solution, please share it in the comments below!","The ultrasound probe was connected, but the system cannot detect it.

### Response:

The ultrasound probe was connected, but the system cannot detect it.

### Response:

The ultrasound probe was connected, but the system cannot detect it.

### Response:

The ultrasound probe was connected, but the system cannot detect it.

### Response:

The ultrasound probe was connected, but the system cannot detect it.

### Response:

The ultrasound probe was connected, but the system cannot detect it.

### Response:

The ultrasound probe was connected, but the system cannot detect it.

### Response:

The ultrasound probe was connected, but the system cannot detect it.

### Response:

The ultrasound probe was",,
The CT gantry will not rotate after startup. Which components should I inspect?,"*

*

*

*

*

*

*

*

*

*

*

*

*

*

*

*

*

*

*

*

*

*

*

*

*

*

*

*

*

*

*

*

*

*

*

*

*

*

*

*

*

*

*

*

*

*

*

*

*

*

*

*

*

*

*

*

*

*

*

*

*

*

*

*

*

*

*","A CT gantry is an assembly of parts that allows a radiation therapy machine to move around the patient during treatment, with the aim of increasing the effective dose to the patient. The CT gantry is a heavy metal structure, which is usually constructed from steel and copper alloys. The gantry rotates about its axis, and each rotation causes the patient's anatomy to move at varying speeds as it passes through the gantry. 

### Causes of failure:

* Failed CT gantries can fail due to corrosion, stressing, or mechanical fatigue, as well as defective manufacturing processes.

* 5% of failed gantries are due to fatigue crack propagation (FCP).

* Fatigue crack propagation is caused by repeated loading of the gantry during CT scanning and is the most common cause of failed CT gantries.

*","*

*

*

*

*

*

*

*

*

*

*

*

*

*

*

*

*

*

*

*

*

*

*

*

*

*

*

*

*

*

*

*

*

*

*

*

*

*

*

*

*

*

*

*

*

*

*

*

*

*

*

*

*

*

*

*

*

*

*

*

*

*

*

*

*

*

*",The CT gantry rotates after startup. The CT gantry does not rotate after startup. The CT gantry rotates after startup. The CT gantry rotates after startup. The CT gantry rotates after startup. The CT gantry rotates after startup. The CT gantry rotates after startup. The CT gantry rotates after startup. The CT gantry rotates after startup. The CT gantry rotates after startup. The CT gantry rotates after startup. The CT gantry rotates after startup. The CT gantry rotates after startup. The CT gantry rotates after startup. The CT gantry rotates after startup. The CT gantry rotates after startup. The CT gantry rotates after startup. The CT gantry rotates after startup. The CT gantry rotates after startup. The CT gantry rotates after startup. The CT gantry rotates after startup. The CT gantry rotates after startup.,,
MRI images contain zipper artifacts. What usually causes this type of artifact?,MRI images contain zipper artifacts. What usually causes this type of artifact?,"MRI images contain zipper artifacts, which are artifacts caused by the magnetization of the sample that is generated when the magnet is rotated around the sample. The magnetic field lines are in a state where they are twisted, creating a kind of ""zipper.""

## 2019-07-23:

* [MRI Images Contain Zipper Artifacts](/articles/mri-images-contain-zipper-artifacts/)","#### Solution:

A MRI image contains zipper artifacts when the magnetic field lines are not aligned properly in a particular area of the body. This may be due to a flaw in the magnet, the coil, or both.


### Response:

#### Solution:

A MRI image contains zipper artifacts when the magnetic field lines are not aligned properly in a particular area of the body. This may be due to a flaw in the magnet, the coil, or both. A flaw in the magnet, the coil, or both may cause this type of artifact.

### Response:

#### Solution:

A MRI image contains zipper artifacts when the magnetic field lines are not aligned properly in a particular area of the body. This may be due to a flaw in the magnet, the coil, or both. A flaw in the magnet, the co","* The zipper artifact is due to a difference between the MRI signal and background noise. Zipper artifacts are not common in T1-weighted images, but they can occur with T2-weighted images. The zipper artifact is most likely due to a difference between the MRI signal and background noise. Zipper artifacts are not common in T1-weighted images, but they can occur with T2-weighted images. The zipper artifact is most likely due to a difference between the MRI signal and background noise. Zipper artifacts are not common in T1-weighted images, but they can occur with T2-weighted images. The zipper artifact is most likely due to a difference between the MRI signal and background noise. Zipper artifacts are not common in T1-weighted images, but they can occur with T2-weighted images. The zipper",,
The ultrasound image is completely black even though the machine powers on. What are the possible causes?,"A. The ultrasound machine is not working. Check for any electrical shorts, loose connections or corrosion in the battery.
B. The ultrasound machine is not working. Check for any electrical shorts, loose connections or corrosion in the battery.
C. The ultrasound machine is not working. Check for any electrical shorts, loose connections or corrosion in the battery.
D. The ultrasound machine is not working. Check for any electrical shorts, loose connections or corrosion in the battery.
E. The ultrasound machine is not working. Check for any electrical shorts, loose connections or corrosion in the battery.


A: A) I think it's a simple fuse in the power supply. The ultrasonic image will appear in full color if the fuse is blown. If it's not blown, then you","A: I am not sure of the exact cause, but a check for a shorted circuit or an open circuit may help.","The ultrasound image is completely black even though the machine powers on. What are the possible causes?

### Response:
The ultrasound image is completely black even though the machine powers on. What are the possible causes?

### Response:
The ultrasound image is completely black even though the machine powers on. What are the possible causes?

### Response:
The ultrasound image is completely black even though the machine powers on. What are the possible causes?

### Response:
The ultrasound image is completely black even though the machine powers on. What are the possible causes?

### Response:
The ultrasound image is completely black even though the machine powers on. What are the possible causes?

### Response:
The ultrasound image is completely black even though the machine powers on. What are the possible causes?

### Response:
The ultrasound","The ultrasound image is completely black even though the machine powers on. What are the possible causes?

### Solution:
The ultrasound image is completely black even though the machine powers on. What are the possible causes?

### Response:
The ultrasound image is completely black even though the machine powers on. What are the possible causes?

### Solution:
The ultrasound image is completely black even though the machine powers on. What are the possible causes?

### Response:
The ultrasound image is completely black even though the machine powers on. What are the possible causes?

### Solution:
The ultrasound image is completely black even though the machine powers on. What are the possible causes?

### Response:
The ultrasound image is completely black even though the machine powers on. What are the possible causes?

### Solution:
The ultrasound",,
What preventive maintenance should be performed on a CT scanner to reduce unexpected failures?,"The most important preventive maintenance should be performed on a CT scanner is to 

- Check the maintenance log and ensure that no unusual events have occurred since the last maintenance check.
- Perform the CT examination.
- Repeat the CT examination after any scheduled maintenance and/or after any unscheduled maintenance.","> Preventive maintenance should be performed on a CT scanner to reduce unexpected failures.

> To perform preventive maintenance, it is recommended that the following actions be taken:

> 1. Periodically clean the instrument with a detergent solution and rinse thoroughly.

> 2. Lubricate the instrument with a lubricant containing silicone oil or a similar lubricating agent.

> 3. Lubricate the instrument with a thin film of lubricant.

> 4. Clean the instrument with a non-corrosive, nontoxic liquid soap and rinsing thoroughly.

> 5. Clean the instrument with a non-abrasive, non-toxic liquid soap and rinsing thoroughly.

> 6. Perform a thorough, full-field scan of the entire field of view using the appropriate image quality setting.

>","* * *

* * *

* * *

* * *

* * *

* * *

* * *

* * *

* * *

* * *

* * *

* * *

* * *

* * *

* * *

* * *

* * *

* * *

* * *

* * *

* * *

* * *

* * *

* * *

* * *

* * *

* * *

* * *

* * *

* * *

* * *

* * *

* * *

* * *

* * *

* * *

* * *

* * *

* * *

* * *",#NAME?,,
How can I differentiate between a detector failure and a detector calibration problem in a CT scanner?,"The most common symptom is a sudden drop of the image quality.
The most common symptom is a sudden drop of the image quality.
The most common symptoms are

*

*Image quality drops abruptly after a scan has been completed.

*

*There could be an apparent drop in the image quality from 100 to 90, for example.


*Due to low signal-to-noise ratio, it becomes more difficult to find any structures in the brain.

*

*Because of the low signal-to-noise ratio, it becomes harder to find any structures in the brain.



*Another symptom could be the inability to distinguish any structures in the brain.

*

*It becomes very difficult to distinguish any structures in the brain.


*There could be a sudden drop in the image quality after a","What are the possible causes of a high response in an image, such as a high contrast, or a low resolution?

### Determine the correct modality for your patient:

How do you determine the most appropriate modality to treat a patient with an abnormality?

### How can I determine if a scan is normal and if it needs to be repeated?

### How can I determine if a scan has been performed correctly and is accurate?

### How should you prepare patients for a CT examination?

### How can you prepare for a CT scan without causing harm to your patient?

### What is the normal range for contrast sensitivity (CS) in a CT examination?

### What are the potential causes of reduced CS in a CT exam?

### What is the normal range for contrast sensitivity (CS) after a CT exam?

### How","I've been trying to solve this problem, but have not had any success. I have found that the response is:

What does this mean?

A: A detector failure or calibration problem is caused by a defective sensor or calibration process. Detectors are used to detect objects in the image. Calibrations are used to determine the size of each object in the image. A defective sensor or calibration process causes the detector to fail or fail to calibrate correctly. If the detector fails, the image will be distorted or skewed. A defective calibration process causes the detector to fail to calibrate correctly. If the calibration process fails, the image will be distorted or skewed.",How can I differentiate between a detector failure and a detector calibration problem in a CT scanner?,,
My imaging system repeatedly restarts during operation without displaying any error code. What are the most likely causes?,The system may not have been properly initialized for use. See the system documentation for initialization procedures.,"**A.** Incorrect or outdated firmware in the imaging system

**B.** A faulty image data cable

**C.** A faulty image data port

**D.** A faulty imaging system control module

**E.** Improperly configured imaging system

#### Reason 20: **""The image is not loaded"" message appears when imaging a patient with the patient in the standing position and a knee-tucked position. (Exercise #17)""**

_**This scenario**_ is based on a typical patient in a knee-tucked position who is then placed in the standing position. The patient then experiences pain at the KTP, which is due to the standing position.

When imaging the patient in the knee-tucked position, you should place the patient in a standing position with the knees aligned","In response to your question, there are multiple possible causes of this issue, which include:

* **1**. **1**. **1**. **1**. **1**. **1**. **1**. **1**. **1**. **1**. **1**. **1**. **1**. **1**. **1**. **1**. **1**. **1**. **1**. **1**. **1**. **1**. **1**. **1**. **1**. **1**. **1**. **1**. **1**. **1**. **1**. **1**. **1**. **1**. **1**. **1**. **1**. **1**. **1**. **1**. **1**. **1**. **1**. **1**. **1","This is a known issue and will be fixed in a future release.

### Response:

This is a known issue and will be fixed in a future release.

### Response:

This is a known issue and will be fixed in a future release.

### Response:

This is a known issue and will be fixed in a future release.

### Response:

This is a known issue and will be fixed in a future release.

### Response:

This is a known issue and will be fixed in a future release.

### Response:

This is a known issue and will be fixed in a future release.

### Response:

This is a known issue and will be fixed in a future release.

### Response:

This is a known issue and will be fixed in a future release.

### Response:

This",,
