Query,Base Model,Stage 2 (SFT),Stage 3 (DPO)
My CT scanner is producing circular ring artifacts on every scan. What is the most likely cause and what should I inspect first?,"The most likely cause of this artifact is that you are using a very low resolution (1024×768) and that your scan was performed at a high speed (5000 Hz).
This artifact is due to the high sampling frequency, which causes aliasing in the Fourier domain, resulting in artifacts being produced when the phase and amplitude of a waveform are sampled at different frequencies.","*

*

*

*

*

*

*

*

*

*

*

*

*

*

*

*

*

*

*

*

*

*

*

*

*

*

*

*

*

*

*

*

*

*

*

*

*

*

*

*

*

*

*

*

*

*

*

*

*

*

*

*

*

*

*

*

*

*

*

*

*

*

*

*

*

*

*

*

*

*

*

*

*

*

*

*

*

*

*

*

*

*

*","- The CT scanner has a limited range of motion in its rotary arm, so any rotation beyond that point will produce the artifact. Rotation past 90 degrees will produce artifacts as well.
- The CT scanner's rotational arm is not perfectly aligned with the patient's body, which causes some movement in the patient's body during rotation. This motion will produce the artifact.
- The CT scanner's rotating arm is not perfectly aligned with the patient's body, causing some movement in the patient's body during rotation. This motion will also produce the artifact.
- The CT scanner's rotating arm is not perfectly aligned with the patient's body, causing some movement in the patient's body during rotation. This motion will also produce the artifact.
- The CT scanner's rotating arm is not perfectly aligned with the patient's body, causing some movement in the patient's body during rotation. This motion will produce the artifact.
- The CT scanner's rotating arm is not perfectly aligned with the patient's body, causing some movement in the patient's body during rotation. This motion will also produce the"
The CT scanner stopped scanning because of a tube overheating alarm. What components are likely responsible?,#NAME?,"The CT scanner stopped scanning because of a tube overheating alarm. What components are likely responsible?

### Response:

The CT scanner stopped scanning because of a tube overheating alarm. What components are likely responsible?

### Response:

The CT scanner stopped scanning because of a tube overheating alarm. What components are likely responsible?

### Response:

The CT scanner stopped scanning because of a tube overheating alarm. What components are likely responsible?

### Response:

The CT scanner stopped scanning because of a tube overheating alarm. What components are likely responsible?

### Response:

The CT scanner stopped scanning because of a tube overheating alarm. What components are likely responsible?

### Response:

The CT scanner stopped scanning because of a tube overheating alarm. What components are likely responsible?

### Response:

The CT scanner stopped scanning because of a tube overheating alarm. What components are likely responsible?

### Response:

The","* *

**Answer:** The CT scanner is most likely overheated by the tube overheating alarm, and the tube is most likely overheated by the tube overheating alarm.

### Response:

* *

**Answer:** The CT scanner is overheated by the tube overheating alarm, and the tube is overheated by the tube overheating alarm.

### Response:

* *

**Answer:** The CT scanner is most likely overheated by the tube overheating alarm, and the tube is most likely overheated by the tube overheating alarm.

### Response:

* *

**Answer:** The CT scanner is most likely overheated by the tube overheating alarm, and the tube is most likely overheated by the tube overheating alarm.

### Response:

* *

**Answer:** The CT scanner is overheated by the tube overheating alarm, and the tube is most likely overheated by the"
How does quantization reduce model size?,"> We need to find a way to quantize the model in such a way that it reduces the number of parameters.


### How?

We have two approaches here:

* Compressing the weights before quantizing them. This is done by using compression libraries like Pytorch's [TFCompression](https://github.com/tensorflow/models/blob/master/weights/README.md).
* Quantizing the weights in an efficient way, either by using a specialized library or a simple approach.","- Quantization reduces the number of parameters in the network.
- This is because the number of parameters in the network can be reduced using a smaller number of bits to represent each parameter.
- As a result, the size of the network and the number of parameters are reduced.

### Response:

- Quantization reduces the number of parameters in the network.
- This is because the number of parameters in the network can be reduced using a smaller number of bits to represent each parameter.
- As a result, the size of the network and the number of parameters are reduced.

### Response:

- Quantization reduces the number of parameters in the network.
- This is because the number of parameters in the network can be reduced using a smaller number of bits to represent each parameter.
- As a result, the size of the network and the number of parameters are reduced.

### Response:

- Quantization reduces the number of parameters in the network.
- This is because the number of parameters in the network can be reduced using a smaller number of bits to represent each parameter.
- As a result, the size of the network and the number of parameters","### Response:

### Response:

### Response:

### Response:

### Response:

### Response:

### Response:

### Response:

### Response:

### Response:

### Response:

### Response:

### Response:

### Response:

### Response:

### Response:

### Response:

### Response:

### Response:

### Response:

### Response:

### Response:

### Response:

### Response:

### Response:

### Response:

### Response:

### Response:

### Response:

### Response:

### Response:

### Response:

### Response:

### Response:

### Response:

### Response:

### Response:

### Response:

### Response:

### Response:

### Response:

### Response"
My MRI system displays a low helium pressure alarm during scanning. What could be causing this?,"The alarm is due to the high helium pressure inside of the system. When the pressure gets too high, the helium will leak out of the system and into your body. The system will have to shut down for cleaning, which can cause you to lose some of your scan data.

### Answer:
Helium is used in the MRI system as a contrast agent because it has a high affinity for iron atoms, which are found in the brain. This affinity makes helium useful for scans of the brain that involve iron, such as functional imaging (fMRI), structural imaging (SWISS-MET), diffusion tensor imaging (DTI), and perfusion imaging (perfusion SPECT).

Helium is also used in MRI systems as an ionization source when the system is in use. This helps ionize atoms in the MRI system, so they do not interfere with the signals being acquired by the magnet coils.

### Solution:
When the pressure exceeds 0.1 psi, the MRI system can emit a low helium pressure alarm. If the pressure goes above 2 psi","The helium pressure alarm is triggered when the helium pressure inside the scanner exceeds a certain level. This happens very rarely, but if it does happen, it indicates that the helium pressure inside the scanner has been reduced below a certain level.

### Question:

How can I get my MRI system to display a high helium pressure alarm when scanning?


### Response:

You can turn on the high helium pressure alarm by setting the high helium pressure alarms property of the MRI system to true.

### Question:

How can I turn off the high helium pressure alarm when scanning?


### Response:

You can turn off the high helium pressure alarm by setting the high helium pressure alarms property of the MRI system to false.

### Question:

What are the consequences of turning off the high helium pressure alarm when scanning?


### Response:

Turning off the high helium pressure alarm while scanning will not affect any other properties of the MRI system, such as the high helium pressure alarms property or","The helium pressure sensor is broken and will not detect the helium pressure during scanning.

### Solution:

Check the helium pressure sensor for a leak.

### Response:

The helium pressure sensor is broken and will not detect the helium pressure during scanning.

### Solution:

Check the helium pressure sensor for a leak.

### Response:

The helium pressure sensor is broken and will not detect the helium pressure during scanning.

### Solution:

Check the helium pressure sensor for a leak.

### Response:

The helium pressure sensor is broken and will not detect the helium pressure during scanning.

### Solution:

Check the helium pressure sensor for a leak.

### Response:

The helium pressure sensor is broken and will not detect the helium pressure during scanning.

### Solution:

Check the helium pressure sensor for a leak.

### Response:

The helium pressure sensor is broken and will not detect the helium pressure during scanning.

### Solution"
"The ultrasound probe is connected, but the system cannot detect it. How should I troubleshoot this issue?","In order to troubleshoot a probe detection issue, you will need to run a software diagnostic on the device. To do so, go into the ""Software"" tab of your ""Device Management"" section in the Device Console and select ""Troubleshoot"". Here, you can then select the ""Probe Detection"" option and click ""Continue"". This will bring up a screen where you can select your probe and confirm its detection.","The ultrasound probe was not detected because the system does not know that it is attached to the ultrasound machine. You can use the following steps to troubleshoot this issue:

- **Step 1:** Connect the probe using a USB cable and reconnect it to the system. This will allow you to view the probe's status in the system.
- **Step 2:** Check to see if the probe is attached to the ultrasound machine by pressing the ""F"" key on the keyboard. If the probe is attached correctly, then the system should display the probe's status information.
- **Step 3:** If the probe is attached correctly, then the system should display the probe's status information.
- **Step 4:** If the probe is attached correctly, then the system should display the probe's status information.

### Answer:

The ultrasound probe was not detected because the system does not know that it is attached to the ultrasound machine. You can use the following steps to troubleshoot this issue:

- **Step 1:**","To troubleshoot this issue, you can connect the ultrasound probe to another device and check whether the system detects it or not. You may also try disconnecting the ultrasound probe from the system and then reconnecting it again to see if the system detects it or not. If the system still does not detect the ultrasound probe, you can try disabling the ultrasound probe from the system and then re-enabling it from the system. However, in some cases, the ultrasound probe may not be detected because of a problem with the connection between the ultrasound probe and the system. To troubleshoot this issue, you can try connecting the ultrasound probe to another device and check whether the system detects it or not. You may also try disconnecting the ultrasound probe from the system and then reconnecting it again to see if the system detects it or not. If the system still does not detect the ultrasound probe, you can try disabling the ultrasound probe from the system and then re-enabling it from the system. However, in some cases, the ul"
The CT gantry will not rotate after startup. Which components should I inspect?,"The CT gantry will not rotate after startup, which components should I inspect?

- The motor shaft bearing.
- The drive shaft bearing.
- The drive motor.
- The drive motor bearing.
- The control system.
- The drive shaft.
- The drive shaft bearing.
- The drive motor bracket.
- The drive motor bearing.
- The drive motor bearing support.
- The motor shaft bearing support.
- The motor shaft bearing.
- The motor shaft bearing support.
- The motor shaft bearing.
- The motor shaft bearing.
- The motor shaft bearing support.
- The motor shaft bearing support.
- The motor shaft bearing support.
- The motor shaft bearing support.
- The motor shaft bearing support.
- The motor shaft bearing support.
- The motor shaft bearing support.
- The motor shaft bearing support.
- The motor shaft bearing support.
- The motor shaft bearing support.
- The motor shaft bearing support.
- The motor shaft bearing support.
- The motor shaft bearing support.",The CT gantry rotates after startup. The CT gantry does not rotate after startup. The CT gantry rotates after startup. The CT gantry rotates after startup. The CT gantry rotates after startup. The CT gantry rotates after startup. The CT gantry rotates after startup. The CT gantry rotates after startup. The CT gantry rotates after startup. The CT gantry rotates after startup. The CT gantry rotates after startup. The CT gantry rotates after startup. The CT gantry rotates after startup. The CT gantry rotates after startup. The CT gantry rotates after startup. The CT gantry rotates after startup. The CT gantry rotates after startup. The CT gantry rotates after startup. The CT gantry rotates after startup. The CT gantry rotates after startup. The CT gantry rotates after startup. The CT gantry rotates after startup. The CT gantry rotates after startup. The CT gantry rotates after startup. The CT gantry rotates after startup. The CT gantry rotates after startup. The CT gantry rotates after startup. The CT gantry rotates,#NAME?
MRI images contain zipper artifacts. What usually causes this type of artifact?,"MRI images contain zipper artifacts. The artifact is a result of the fact that MRI scanners generate images by using a continuous x-ray beam, which is directed to the patient's body through an open endoscope. This endoscope is also called the gantry. Because the gantry moves during the scan, it can pass through the patient's body at any given time. This means that each image obtained by the MRI scanner contains information about all points along its path. When the zipper artifact occurs, the zipper passes through the patient's body multiple times during the scan. This means that many zipper artifacts appear in each single image. This artifact can cause subtle differences between the images and may even be visible in the images themselves.

### Question:

What happens if the zipper artifact is removed from the image?

### Response:

The zipper artifact may be removed from the images by performing a series of standard post-scan corrections. These corrections are performed on all images obtained by the MRI scanner. Each post-scan correction will have a different effect on the image.","This artifact is not due to an MRI scan; it is a result of the magnetic field strength in the MRI scanner. The magnetic field strength in the MRI scanner is much higher than the strength of the earth's magnetic field, so the zipper artifact appears when the magnet is turned on.

### Question:

Which type of artifact is caused by an MRI scan and which type is caused by the magnetic field strength in the MRI scanner?

### Response:

The zipper artifact is caused by the magnetic field strength in the MRI scanner. The magnetic field strength in the MRI scanner is much higher than the strength of the earth's magnetic field, so the zipper artifact appears when the magnet is turned on.

### Question:

Which type of artifact is caused by an MRI scan and which type is caused by the magnetic field strength in the MRI scanner?

### Response:

The zipper artifact is caused by the magnetic field strength in the MRI scanner. The magnetic field strength in the MRI scanner is much higher than the strength of the","* **Zooms:**
  * **MRI images:**
    * **MRI images contain zipper artifacts. What usually causes this type of artifact?**
* **Zooms:**
  * **MRI images:**
    * **MRI images contain zipper artifacts. What usually causes this type of artifact?**

### Response:

* **Zooms:**
  * **MRI images:**
    * **MRI images contain zipper artifacts. What usually causes this type of artifact?**
* **Zooms:**
  * **MRI images:**
    * **MRI images contain zipper artifacts. What usually causes this type of artifact?**

### Response:

* **Zooms:**
  * **MRI images:**
    * **MRI images contain zipper artifacts. What usually causes this type of artifact?**
* **Zooms:**
  * **MRI images:**
    * **MRI images contain zipper artifacts. What usually causes this type"
The ultrasound image is completely black even though the machine powers on. What are the possible causes?,"The ultrasound image is completely black even though the machine is powered on. This means that the ultrasonic waves have not propagated through the entire machine, and it is time to take a break and let them do their job. The machine will restart automatically when the ultrasonic waves reach an acceptable threshold value.

This is the most common problem. The machine is completely black because there is no ultrasound signal in the machine. In this case, you should first check if the power supply has been properly connected to the machine and whether the power cord has been plugged into the correct socket (see Figure 18-4).

Figure 18-4 Connecting the power cord correctly

If these checks don't yield any results, try to find out what's wrong with your ultrasound cable. Are you using an appropriate cable or connector for the speed of the ultrasound? Check to make sure the cable is connected to the right port on the machine, as shown in Figure 18-5.

Figure 18-5 Connecting the cable correctly

If the cable is connected correctly, then it's a","The ultrasound image is completely black even though the machine powers on. What are the possible causes?

### Response:

The ultrasound image is completely black even though the machine powers on. What are the possible causes?

### Response:

The ultrasound image is completely black even though the machine powers on. What are the possible causes?

### Response:

The ultrasound image is completely black even though the machine powers on. What are the possible causes?

### Response:

The ultrasound image is completely black even though the machine powers on. What are the possible causes?

### Response:

The ultrasound image is completely black even though the machine powers on. What are the possible causes?

### Response:

The ultrasound image is completely black even though the machine powers on. What are the possible causes?

### Response:

The ultrasound image is completely black even though the machine powers on. What are the possible causes?

### Response:

The ultrasound image is completely black even though the machine powers on. What are","The ultrasound image is completely black even though the machine powers on. What are the possible causes?


### Response:

The ultrasound image is completely black even though the machine powers on. What are the possible causes?


### Response:

The ultrasound image is completely black even though the machine powers on. What are the possible causes?


### Response:

The ultrasound image is completely black even though the machine powers on. What are the possible causes?


### Response:

The ultrasound image is completely black even though the machine powers on. What are the possible causes?


### Response:

The ultrasound image is completely black even though the machine powers on. What are the possible causes?


### Response:

The ultrasound image is completely black even though the machine powers on. What are the possible causes?


### Response:

The ultrasound image is completely black even though the machine powers on. What are the possible causes?


### Response:

The ultrasound image is completely black even"
What preventive maintenance should be performed on a CT scanner to reduce unexpected failures?,#NAME?,"The most important preventive maintenance is the replacement of the x-ray tubes. (1) The tubes should be replaced every five years, and (2) the tubes should be replaced when they have more than 80% of their useful life remaining.

### Answers:

**(1)** The tubes should be replaced every five years, and (2) the tubes should be replaced when they have more than 80% of their useful life remaining.

### Discussion:

Why are x-ray tubes replaced at regular intervals?

**(1)** X-ray tubes cause many problems in x-ray equipment. (a) X-ray tubes can become faulty. When this happens, the x-ray equipment becomes unreliable. Therefore, it causes many problems. (b) X-ray tubes can cause accidents. When this happens, the x-ray equipment becomes unsafe. Therefore, it causes many problems. (c) X-ray tubes can cause health problems. When this happens, the x-ray equipment becomes unsafe. Therefore, it causes many problems. (d)","A CT scanner should be inspected and serviced as needed.

### Response:

A CT scanner should be inspected, cleaned, and serviced as needed.

### Response:

A CT scanner should be inspected, cleaned, and serviced as needed.

### Response:

A CT scanner should be inspected, cleaned, and serviced as needed.

### Response:

A CT scanner should be inspected, cleaned, and serviced as needed.

### Response:

A CT scanner should be inspected, cleaned, and serviced as needed.

### Response:

A CT scanner should be inspected, cleaned, and serviced as needed.

### Response:

A CT scanner should be inspected, cleaned, and serviced as needed.

### Response:

A CT scanner should be inspected, cleaned, and serviced as needed.

### Response:

A CT scanner should be inspected, cleaned, and serviced as needed."
How can I differentiate between a detector failure and a detector calibration problem in a CT scanner?,"The response is the difference in signal intensity (SI) measured at each slice of a scan.

I would like to differentiate between a defective detector and a defective scanning procedure, e.g. due to an incorrect detector position or a misalignment of the detector. Is there any way that I could differentiate these conditions? 

* * *

* *

* *

* * *

Ideally, I'd like to have a list of all possible detector failures and the corresponding scans that are affected.

A: The most common detector failure is a damaged sensor (e.g. due to water in the sensor chamber). This happens rarely, but you should check for it.
The detector calibration is done by setting the sensitivity to be constant over the entire field-of-view. In some cases the sensitivity can vary significantly from one slice to another, so that the whole field of view looks as if it were a single slice. This is more likely to happen when the detector has a relatively low gain, which results in a higher output signal (see image below). You should check this","1.  The detector calibration procedure is used to correct the detector response function, which is the relationship between the detector response and the input signal.
2.  Calibration is performed using the calibration procedure.
3.  A detector failure occurs when there is an error or anomaly in the detector calibration procedure.
4.  A detector failure occurs when there is an error or anomaly in the detector calibration procedure.
5.  A detector failure occurs when there is an error or anomaly in the detector calibration procedure.
6.  A detector failure occurs when there is an error or anomaly in the detector calibration procedure.
7.  A detector failure occurs when there is an error or anomaly in the detector calibration procedure.
8.  A detector failure occurs when there is an error or anomaly in the detector calibration procedure.
9.  A detector failure occurs when there is an error or anomaly in the detector calibration procedure.
10.  A detector failure occurs when there is an error or anomaly in the detector calibration procedure.","What are the possible reasons why the detector could fail in a CT scanner?

### Response:

What are the possible reasons why the detector calibration could fail in a CT scanner?

### Response:

What are the possible reasons why the detector could fail to operate properly in a CT scanner?

### Response:

What are the possible reasons why the detector could fail to operate properly in a CT scanner?

### Response:

What are the possible reasons why the detector could fail to operate properly in a CT scanner?

### Response:

What are the possible reasons why the detector could fail to operate properly in a CT scanner?

### Response:

What are the possible reasons why the detector could fail to operate properly in a CT scanner?

### Response:

What are the possible reasons why the detector could fail to operate properly in a CT scanner?

### Response:

What are the possible reasons why the detector could fail to operate properly in a CT scanner?

### Response:

What"
My imaging system repeatedly restarts during operation without displaying any error code. What are the most likely causes?,"Inspect the system for obvious signs of damage, and check the power supply and its connections. If you find nothing, then inspect the system's control board and make sure that there is no open wiring between the system and the power supply.

### Response:

Check all of your sensors and actuators. Make sure they are properly connected to the system's control board and that the signals from each sensor or actuator are correctly being sent to the system. If the system is failing to operate due to a malfunction in one of these devices, then it may be necessary to replace them with new ones.

### Response:

Inspect the system for obvious signs of damage and make sure that the system's control board has been properly installed. Also, check for any open wiring on the system's control board and make sure that none of the system's sensors or actuators is broken.

### Response:

Inspect the system for obvious signs of damage and make sure that the system's control board has been properly installed. Also, check for any open wiring on the system's control board and make sure that none of the system","- Imaging system repeatedly restarts during operation without displaying any error code. What are the most likely causes?

### Response:

- Imaging system repeatedly restarts during operation without displaying any error code. What are the most likely causes?

### Response:

- Imaging system repeatedly restarts during operation without displaying any error code. What are the most likely causes?

### Response:

- Imaging system repeatedly restarts during operation without displaying any error code. What are the most likely causes?

### Response:

- Imaging system repeatedly restarts during operation without displaying any error code. What are the most likely causes?

### Response:

- Imaging system repeatedly restarts during operation without displaying any error code. What are the most likely causes?

### Response:

- Imaging system repeatedly restarts during operation without displaying any error code. What are the most likely causes?

### Response:

- Imaging system repeatedly restarts during operation without displaying any error code. What are the most likely causes?

### Response:

- Imaging system repeatedly restarts during operation","The imaging system restarts in response to a power failure or due to other external causes, such as overheating, overload, or a malfunction of the imaging system components. The imaging system does not provide any warning or indication that the imaging system is restarting. The imaging system restarts in response to a power failure or due to other external causes, such as overheating, overload, or a malfunction of the imaging system components. The imaging system does not provide any warning or indication that the imaging system is restarting. The imaging system restarts in response to a power failure or due to other external causes, such as overheating, overload, or a malfunction of the imaging system components. The imaging system does not provide any warning or indication that the imaging system is restarting. The imaging system restarts in response to a power failure or due to other external causes, such as overheating, overload, or a malfunction of the imaging system components. The imaging system does not provide any warning or indication that the imaging system is restarting. The imaging system restarts in response to"
